Token,Class,Reagent/protected form,Reagent MW (g/mol),Product MW contribution (g/mol),Counts as coupling unit?,Terminal/control only?,Source used,Notes,Active?,Chemistry profile,Applied reagent logic,Preferred chemistry,Source / rationale URL,DB note,
None,None,None / blank,0.0,0.0,No,Yes,manual control,Blank option for modifier/label/tag/linker,Yes,CONTROL,terminal/control or inactive,None,internal,No reagent calculation unless Counts=Yes.,
A,AA,Fmoc-Ala-OH,311.29,71.08,Yes,No,AA DB,No,Yes,DEFAULT_SELECTED,standard coupling unit: use selected coupling system,Selected,internal DB / uploaded files,AA-like unit; user-editable.,
R,AA,Fmoc-Arg(Pbf)-OH,648.77,156.19,Yes,No,AA DB,Yes,Yes,DEFAULT_SELECTED,standard coupling unit: use selected coupling system,Selected,internal DB / uploaded files,AA-like unit; user-editable.,
N,AA,Fmoc-Asn(Trt)-OH,596.67,114.1,Yes,No,AA DB,No,Yes,DEFAULT_SELECTED,standard coupling unit: use selected coupling system,Selected,internal DB / uploaded files,AA-like unit; user-editable.,
D,AA,Fmoc-Asp(OtBu)-OH,411.45,115.09,Yes,No,AA DB,No,Yes,DEFAULT_SELECTED,standard coupling unit: use selected coupling system,Selected,internal DB / uploaded files,AA-like unit; user-editable.,
C,AA,Fmoc-Cys(Trt)-OH,585.72,103.14,Yes,No,AA DB / risk,Yes,Yes,DEFAULT_SELECTED,standard coupling unit: use selected coupling system,Selected,internal DB / uploaded files,AA-like unit; user-editable.,
Q,AA,Fmoc-Gln(Trt)-OH,610.7,128.13,Yes,No,AA DB,No,Yes,DEFAULT_SELECTED,standard coupling unit: use selected coupling system,Selected,internal DB / uploaded files,AA-like unit; user-editable.,
E,AA,Fmoc-Glu(OtBu)-OH,425.48,129.12,Yes,No,AA DB,No,Yes,DEFAULT_SELECTED,standard coupling unit: use selected coupling system,Selected,internal DB / uploaded files,AA-like unit; user-editable.,
G,AA,Fmoc-Gly-OH,297.31,57.05,Yes,No,AA DB,No,Yes,DEFAULT_SELECTED,standard coupling unit: use selected coupling system,Selected,internal DB / uploaded files,AA-like unit; user-editable.,
H,AA,Fmoc-His(Trt)-OH,619.72,137.14,Yes,No,AA DB / risk,Yes,Yes,DEFAULT_SELECTED,standard coupling unit: use selected coupling system,Selected,internal DB / uploaded files,AA-like unit; user-editable.,
I,AA,Fmoc-Ile-OH,353.42,113.16,Yes,No,AA DB,No,Yes,DEFAULT_SELECTED,standard coupling unit: use selected coupling system,Selected,internal DB / uploaded files,AA-like unit; user-editable.,
L,AA,Fmoc-Leu-OH,353.42,113.16,Yes,No,AA DB,No,Yes,DEFAULT_SELECTED,standard coupling unit: use selected coupling system,Selected,internal DB / uploaded files,AA-like unit; user-editable.,
K,AA,Fmoc-Lys(Boc)-OH,468.55,128.17,Yes,No,AA DB / branch,No,Yes,DEFAULT_SELECTED,standard coupling unit: use selected coupling system,Selected,internal DB / uploaded files,AA-like unit; user-editable.,
M,AA,Fmoc-Met-OH,371.45,131.2,Yes,No,AA DB,No,Yes,DEFAULT_SELECTED,standard coupling unit: use selected coupling system,Selected,internal DB / uploaded files,AA-like unit; user-editable.,
F,AA,Fmoc-Phe-OH,387.43,147.18,Yes,No,AA DB,No,Yes,DEFAULT_SELECTED,standard coupling unit: use selected coupling system,Selected,internal DB / uploaded files,AA-like unit; user-editable.,
P,AA,Fmoc-Pro-OH,337.37,97.12,Yes,No,AA DB,No,Yes,DEFAULT_SELECTED,standard coupling unit: use selected coupling system,Selected,internal DB / uploaded files,AA-like unit; user-editable.,
S,AA,Fmoc-Ser(tBu)-OH,383.44,87.08,Yes,No,AA DB,No,Yes,DEFAULT_SELECTED,standard coupling unit: use selected coupling system,Selected,internal DB / uploaded files,AA-like unit; user-editable.,
T,AA,Fmoc-Thr(tBu)-OH,397.47,101.11,Yes,No,AA DB,No,Yes,DEFAULT_SELECTED,standard coupling unit: use selected coupling system,Selected,internal DB / uploaded files,AA-like unit; user-editable.,
W,AA,Fmoc-Trp(Boc)-OH,526.58,186.21,Yes,No,AA DB,No,Yes,DEFAULT_SELECTED,standard coupling unit: use selected coupling system,Selected,internal DB / uploaded files,AA-like unit; user-editable.,
Y,AA,Fmoc-Tyr(tBu)-OH,459.54,163.18,Yes,No,AA DB,No,Yes,DEFAULT_SELECTED,standard coupling unit: use selected coupling system,Selected,internal DB / uploaded files,AA-like unit; user-editable.,
V,AA,Fmoc-Val-OH,339.39,99.13,Yes,No,AA DB,No,Yes,DEFAULT_SELECTED,standard coupling unit: use selected coupling system,Selected,internal DB / uploaded files,AA-like unit; user-editable.,
K(Fmoc),Branch handle,Fmoc-Lys(Fmoc)-OH / orthogonal branch handle,,,Yes,No,DB schema,No,Yes,DEFAULT_SELECTED,standard coupling unit: use selected coupling system,Selected,internal DB / uploaded files,AA-like unit; user-editable.,
K(ivDde),Branch handle,Fmoc-Lys(ivDde)-OH / orthogonal branch handle,,,Yes,No,added branch option,No,Yes,DEFAULT_SELECTED,standard coupling unit: use selected coupling system,Selected,internal DB / uploaded files,AA-like unit; user-editable.,
K(Mtt),Branch handle,Fmoc-Lys(Mtt)-OH / orthogonal branch handle,,,Yes,No,added branch option,No,Yes,DEFAULT_SELECTED,standard coupling unit: use selected coupling system,Selected,internal DB / uploaded files,AA-like unit; user-editable.,
Dpr,Branch handle,Fmoc-Dpr(Boc)-OH,,,Yes,No,branched peptide building block,No,Yes,DEFAULT_SELECTED,standard coupling unit: use selected coupling system,Selected,internal DB / uploaded files,AA-like unit; user-editable.,
Dab,Branch handle,Fmoc-Dab(Boc)-OH,,,Yes,No,branched peptide building block,No,Yes,DEFAULT_SELECTED,standard coupling unit: use selected coupling system,Selected,internal DB / uploaded files,AA-like unit; user-editable.,
Orn,Branch handle,Fmoc-Orn(Boc)-OH,,,Yes,No,branched peptide building block,No,Yes,DEFAULT_SELECTED,standard coupling unit: use selected coupling system,Selected,internal DB / uploaded files,AA-like unit; user-editable.,
dA,D-AA,Fmoc-dA-OH (verify exact protected form),311.29,71.08,Yes,No,engine D_FORM,See L-form,Yes,DEFAULT_SELECTED,standard coupling unit: use selected coupling system,Selected,internal DB / uploaded files,AA-like unit; user-editable.,
dC,D-AA,Fmoc-dC-OH (verify exact protected form),585.72,103.14,Yes,No,engine D_FORM,See L-form,Yes,DEFAULT_SELECTED,standard coupling unit: use selected coupling system,Selected,internal DB / uploaded files,AA-like unit; user-editable.,
dD,D-AA,Fmoc-dD-OH (verify exact protected form),411.45,115.09,Yes,No,engine D_FORM,See L-form,Yes,DEFAULT_SELECTED,standard coupling unit: use selected coupling system,Selected,internal DB / uploaded files,AA-like unit; user-editable.,
dE,D-AA,Fmoc-dE-OH (verify exact protected form),425.48,129.12,Yes,No,engine D_FORM,See L-form,Yes,DEFAULT_SELECTED,standard coupling unit: use selected coupling system,Selected,internal DB / uploaded files,AA-like unit; user-editable.,
dF,D-AA,Fmoc-dF-OH (verify exact protected form),387.43,147.18,Yes,No,engine D_FORM,See L-form,Yes,DEFAULT_SELECTED,standard coupling unit: use selected coupling system,Selected,internal DB / uploaded files,AA-like unit; user-editable.,
dG,D-AA,Fmoc-dG-OH (verify exact protected form),297.31,57.05,Yes,No,engine D_FORM,See L-form,Yes,DEFAULT_SELECTED,standard coupling unit: use selected coupling system,Selected,internal DB / uploaded files,AA-like unit; user-editable.,
dH,D-AA,Fmoc-dH-OH (verify exact protected form),619.72,137.14,Yes,No,engine D_FORM,See L-form,Yes,DEFAULT_SELECTED,standard coupling unit: use selected coupling system,Selected,internal DB / uploaded files,AA-like unit; user-editable.,
dI,D-AA,Fmoc-dI-OH (verify exact protected form),353.42,113.16,Yes,No,engine D_FORM,See L-form,Yes,DEFAULT_SELECTED,standard coupling unit: use selected coupling system,Selected,internal DB / uploaded files,AA-like unit; user-editable.,
dK,D-AA,Fmoc-dK-OH (verify exact protected form),468.55,128.17,Yes,No,engine D_FORM,See L-form,Yes,DEFAULT_SELECTED,standard coupling unit: use selected coupling system,Selected,internal DB / uploaded files,AA-like unit; user-editable.,
dL,D-AA,Fmoc-dL-OH (verify exact protected form),353.42,113.16,Yes,No,engine D_FORM,See L-form,Yes,DEFAULT_SELECTED,standard coupling unit: use selected coupling system,Selected,internal DB / uploaded files,AA-like unit; user-editable.,
dM,D-AA,Fmoc-dM-OH (verify exact protected form),371.45,131.2,Yes,No,engine D_FORM,See L-form,Yes,DEFAULT_SELECTED,standard coupling unit: use selected coupling system,Selected,internal DB / uploaded files,AA-like unit; user-editable.,
dN,D-AA,Fmoc-dN-OH (verify exact protected form),596.67,114.1,Yes,No,engine D_FORM,See L-form,Yes,DEFAULT_SELECTED,standard coupling unit: use selected coupling system,Selected,internal DB / uploaded files,AA-like unit; user-editable.,
dP,D-AA,Fmoc-dP-OH (verify exact protected form),337.37,97.12,Yes,No,engine D_FORM,See L-form,Yes,DEFAULT_SELECTED,standard coupling unit: use selected coupling system,Selected,internal DB / uploaded files,AA-like unit; user-editable.,
dQ,D-AA,Fmoc-dQ-OH (verify exact protected form),610.7,128.13,Yes,No,engine D_FORM,See L-form,Yes,DEFAULT_SELECTED,standard coupling unit: use selected coupling system,Selected,internal DB / uploaded files,AA-like unit; user-editable.,
dR,D-AA,Fmoc-dR-OH (verify exact protected form),648.77,156.19,Yes,No,engine D_FORM,See L-form,Yes,DEFAULT_SELECTED,standard coupling unit: use selected coupling system,Selected,internal DB / uploaded files,AA-like unit; user-editable.,
dS,D-AA,Fmoc-dS-OH (verify exact protected form),383.44,87.08,Yes,No,engine D_FORM,See L-form,Yes,DEFAULT_SELECTED,standard coupling unit: use selected coupling system,Selected,internal DB / uploaded files,AA-like unit; user-editable.,
dT,D-AA,Fmoc-dT-OH (verify exact protected form),397.47,101.11,Yes,No,engine D_FORM,See L-form,Yes,DEFAULT_SELECTED,standard coupling unit: use selected coupling system,Selected,internal DB / uploaded files,AA-like unit; user-editable.,
dV,D-AA,Fmoc-dV-OH (verify exact protected form),339.39,99.13,Yes,No,engine D_FORM,See L-form,Yes,DEFAULT_SELECTED,standard coupling unit: use selected coupling system,Selected,internal DB / uploaded files,AA-like unit; user-editable.,
dW,D-AA,Fmoc-dW-OH (verify exact protected form),526.58,186.21,Yes,No,engine D_FORM,See L-form,Yes,DEFAULT_SELECTED,standard coupling unit: use selected coupling system,Selected,internal DB / uploaded files,AA-like unit; user-editable.,
dY,D-AA,Fmoc-dY-OH (verify exact protected form),459.54,163.18,Yes,No,engine D_FORM,See L-form,Yes,DEFAULT_SELECTED,standard coupling unit: use selected coupling system,Selected,internal DB / uploaded files,AA-like unit; user-editable.,
Nle,Non-natural AA,Fmoc-Nle-OH (verify exact protected form),,,Yes,No,engine NON_NAT,No,Yes,DEFAULT_SELECTED,standard coupling unit: use selected coupling system,Selected,internal DB / uploaded files,AA-like unit; user-editable.,
Nva,Non-natural AA,Fmoc-Nva-OH (verify exact protected form),,,Yes,No,engine NON_NAT,No,Yes,DEFAULT_SELECTED,standard coupling unit: use selected coupling system,Selected,internal DB / uploaded files,AA-like unit; user-editable.,
Abu,Non-natural AA,Fmoc-Abu-OH (verify exact protected form),,,Yes,No,engine NON_NAT,No,Yes,DEFAULT_SELECTED,standard coupling unit: use selected coupling system,Selected,internal DB / uploaded files,AA-like unit; user-editable.,
Aib,Non-natural AA,Fmoc-Aib-OH (verify exact protected form),,,Yes,No,engine NON_NAT,No,Yes,DEFAULT_SELECTED,standard coupling unit: use selected coupling system,Selected,internal DB / uploaded files,AA-like unit; user-editable.,
Sar,Non-natural AA,Fmoc-Sar-OH (verify exact protected form),,,Yes,No,engine NON_NAT,No,Yes,DEFAULT_SELECTED,standard coupling unit: use selected coupling system,Selected,internal DB / uploaded files,AA-like unit; user-editable.,
Dap,Non-natural AA,Fmoc-Dap-OH (verify exact protected form),,,Yes,No,engine NON_NAT,No,Yes,DEFAULT_SELECTED,standard coupling unit: use selected coupling system,Selected,internal DB / uploaded files,AA-like unit; user-editable.,
Cit,Non-natural AA,Fmoc-Cit-OH (verify exact protected form),,,Yes,No,engine NON_NAT,No,Yes,DEFAULT_SELECTED,standard coupling unit: use selected coupling system,Selected,internal DB / uploaded files,AA-like unit; user-editable.,
Hyl,Non-natural AA,Fmoc-Hyl-OH (verify exact protected form),,,Yes,No,engine NON_NAT,No,Yes,DEFAULT_SELECTED,standard coupling unit: use selected coupling system,Selected,internal DB / uploaded files,AA-like unit; user-editable.,
Hyp,Non-natural AA,Fmoc-Hyp-OH (verify exact protected form),,,Yes,No,engine NON_NAT,No,Yes,DEFAULT_SELECTED,standard coupling unit: use selected coupling system,Selected,internal DB / uploaded files,AA-like unit; user-editable.,
Cha,Non-natural AA,Fmoc-Cha-OH (verify exact protected form),,,Yes,No,engine NON_NAT,No,Yes,DEFAULT_SELECTED,standard coupling unit: use selected coupling system,Selected,internal DB / uploaded files,AA-like unit; user-editable.,
Chg,Non-natural AA,Fmoc-Chg-OH (verify exact protected form),,,Yes,No,engine NON_NAT,No,Yes,DEFAULT_SELECTED,standard coupling unit: use selected coupling system,Selected,internal DB / uploaded files,AA-like unit; user-editable.,
Tic,Non-natural AA,Fmoc-Tic-OH (verify exact protected form),,,Yes,No,engine NON_NAT,No,Yes,DEFAULT_SELECTED,standard coupling unit: use selected coupling system,Selected,internal DB / uploaded files,AA-like unit; user-editable.,
Nal,Non-natural AA,Fmoc-Nal-OH (verify exact protected form),,,Yes,No,engine NON_NAT,No,Yes,DEFAULT_SELECTED,standard coupling unit: use selected coupling system,Selected,internal DB / uploaded files,AA-like unit; user-editable.,
Bip,Non-natural AA,Fmoc-Bip-OH (verify exact protected form),,,Yes,No,engine NON_NAT,No,Yes,DEFAULT_SELECTED,standard coupling unit: use selected coupling system,Selected,internal DB / uploaded files,AA-like unit; user-editable.,
Phe4F,Non-natural AA,Fmoc-Phe4F-OH (verify exact protected form),,,Yes,No,engine NON_NAT,No,Yes,DEFAULT_SELECTED,standard coupling unit: use selected coupling system,Selected,internal DB / uploaded files,AA-like unit; user-editable.,
Phe4Cl,Non-natural AA,Fmoc-Phe4Cl-OH (verify exact protected form),,,Yes,No,engine NON_NAT,No,Yes,DEFAULT_SELECTED,standard coupling unit: use selected coupling system,Selected,internal DB / uploaded files,AA-like unit; user-editable.,
Phe4Me,Non-natural AA,Fmoc-Phe4Me-OH (verify exact protected form),,,Yes,No,engine NON_NAT,No,Yes,DEFAULT_SELECTED,standard coupling unit: use selected coupling system,Selected,internal DB / uploaded files,AA-like unit; user-editable.,
TyrMe,Non-natural AA,Fmoc-TyrMe-OH (verify exact protected form),,,Yes,No,engine NON_NAT,No,Yes,DEFAULT_SELECTED,standard coupling unit: use selected coupling system,Selected,internal DB / uploaded files,AA-like unit; user-editable.,
hArg,Non-natural AA,Fmoc-hArg-OH (verify exact protected form),,,Yes,No,engine NON_NAT,No,Yes,DEFAULT_SELECTED,standard coupling unit: use selected coupling system,Selected,internal DB / uploaded files,AA-like unit; user-editable.,
hLys,Non-natural AA,Fmoc-hLys-OH (verify exact protected form),,,Yes,No,engine NON_NAT,No,Yes,DEFAULT_SELECTED,standard coupling unit: use selected coupling system,Selected,internal DB / uploaded files,AA-like unit; user-editable.,
MeAla,Non-natural AA,Fmoc-MeAla-OH (verify exact protected form),,,Yes,No,engine NON_NAT,No,Yes,DEFAULT_SELECTED,standard coupling unit: use selected coupling system,Selected,internal DB / uploaded files,AA-like unit; user-editable.,
MeGly,Non-natural AA,Fmoc-MeGly-OH (verify exact protected form),,,Yes,No,engine NON_NAT,No,Yes,DEFAULT_SELECTED,standard coupling unit: use selected coupling system,Selected,internal DB / uploaded files,AA-like unit; user-editable.,
MeLeu,Non-natural AA,Fmoc-MeLeu-OH (verify exact protected form),,,Yes,No,engine NON_NAT,No,Yes,DEFAULT_SELECTED,standard coupling unit: use selected coupling system,Selected,internal DB / uploaded files,AA-like unit; user-editable.,
MePhe,Non-natural AA,Fmoc-MePhe-OH (verify exact protected form),,,Yes,No,engine NON_NAT,No,Yes,DEFAULT_SELECTED,standard coupling unit: use selected coupling system,Selected,internal DB / uploaded files,AA-like unit; user-editable.,
MeVal,Non-natural AA,Fmoc-MeVal-OH (verify exact protected form),,,Yes,No,engine NON_NAT,No,Yes,DEFAULT_SELECTED,standard coupling unit: use selected coupling system,Selected,internal DB / uploaded files,AA-like unit; user-editable.,
Sec,Non-natural AA,Fmoc-Sec-OH (verify exact protected form),,,Yes,No,engine NON_NAT,No,Yes,DEFAULT_SELECTED,standard coupling unit: use selected coupling system,Selected,internal DB / uploaded files,AA-like unit; user-editable.,
Pen,Non-natural AA,Fmoc-Pen-OH (verify exact protected form),,,Yes,No,engine NON_NAT,No,Yes,DEFAULT_SELECTED,standard coupling unit: use selected coupling system,Selected,internal DB / uploaded files,AA-like unit; user-editable.,
Pra,Non-natural AA,Fmoc-Pra-OH (verify exact protected form),,,Yes,No,engine NON_NAT,No,Yes,DEFAULT_SELECTED,standard coupling unit: use selected coupling system,Selected,internal DB / uploaded files,AA-like unit; user-editable.,
Pal,N-term modifier,Palmitic acid / palmitoyl coupling,256.43,238.41,Yes,YES,engine + user correction,Uses DIC/HOBt like AA; base=0; MW approx verify CoA,Yes,ACID_DIC_HOBT,carboxylic acid modifier/label/linker: DIC/HOBt like AA; base=0,DIC/HOBt,https://www.peptide.com/resources/solid-phase-peptide-synthesis/,"AA-like acid coupling, default DIC/HOBt; verify exact reagent form.",
Myr,N-term modifier,Myristic acid / myristoyl coupling,228.37,210.36,Yes,YES,engine + user correction,Uses DIC/HOBt like AA; base=0; MW approx verify CoA,Yes,ACID_DIC_HOBT,carboxylic acid modifier/label/linker: DIC/HOBt like AA; base=0,DIC/HOBt,https://www.peptide.com/resources/solid-phase-peptide-synthesis/,"AA-like acid coupling, default DIC/HOBt; verify exact reagent form.",
Stear,N-term modifier,Stear,284.48,266.46,Yes,YES,engine CONFIG.BASE_CHEM_TYPES,N-term only when terminal rule is strict | MW approx; verify exact reagent/salt,Yes,ACID_DIC_HOBT,carboxylic acid modifier/label/linker: DIC/HOBt like AA; base=0,DIC/HOBt,https://www.peptide.com/resources/solid-phase-peptide-synthesis/,"AA-like acid coupling, default DIC/HOBt; verify exact reagent form.",
Ole,N-term modifier,Ole,282.46,264.45,Yes,YES,engine CONFIG.BASE_CHEM_TYPES,N-term only when terminal rule is strict | MW approx; verify exact reagent/salt,Yes,ACID_DIC_HOBT,carboxylic acid modifier/label/linker: DIC/HOBt like AA; base=0,DIC/HOBt,https://www.peptide.com/resources/solid-phase-peptide-synthesis/,"AA-like acid coupling, default DIC/HOBt; verify exact reagent form.",
Chol,N-term modifier,Chol,386.65,,Yes,YES,engine CONFIG.BASE_CHEM_TYPES,N-term only when terminal rule is strict | MW approx; verify exact reagent/salt,Yes,CONTROL,terminal/control or inactive,None,internal,No reagent calculation unless Counts=Yes.,
Nic,N-term modifier,Nic,123.11,,Yes,YES,engine CONFIG.BASE_CHEM_TYPES,N-term only when terminal rule is strict | MW approx; verify exact reagent/salt,Yes,CONTROL,terminal/control or inactive,None,internal,No reagent calculation unless Counts=Yes.,
Caf,N-term modifier,Caf,194.19,,Yes,YES,engine CONFIG.BASE_CHEM_TYPES,N-term only when terminal rule is strict | MW approx; verify exact reagent/salt,Yes,CONTROL,terminal/control or inactive,None,internal,No reagent calculation unless Counts=Yes.,
Gal,N-term modifier,Gallic acid / galloyl coupling,170.12,152.1,Yes,YES,engine + user correction,Uses DIC/HOBt like AA; base=0; MW approx verify CoA,Yes,ACID_DIC_HOBT,carboxylic acid modifier/label/linker: DIC/HOBt like AA; base=0,DIC/HOBt,https://www.peptide.com/resources/solid-phase-peptide-synthesis/,"AA-like acid coupling, default DIC/HOBt; verify exact reagent form.",
Ac,N-term modifier,Ac / N-terminal acetylation,102.09,102.09,Yes,YES,engine + user correction,Actual reagent: Acetic anhydride (Ac2O); density 1.08 g/mL; no DIC/HOBt; base may be DIEA,Yes,AC2O_DIEA,N-terminal acetylation: Ac displayed in sequence; Acetic anhydride (Ac2O) counted in material usage; no post-acetylation Fmoc deprotection,DIEA,internal user rule,Ac is not DIC/HOBt; Ac2O is actual liquid reagent; base column is DIEA amount.,
Bz,N-term modifier,Bz,122.12,104.11,Yes,YES,engine CONFIG.BASE_CHEM_TYPES,N-term only when terminal rule is strict | MW approx; verify exact reagent/salt,Yes,CONTROL,terminal/control or inactive,None,internal,No reagent calculation unless Counts=Yes.,
Fmoc,N-term modifier,Fmoc,,222.24,Yes,YES,engine CONFIG.BASE_CHEM_TYPES,N-term only when terminal rule is strict | MW user-editable/verify CoA,Yes,CONTROL,terminal/control or inactive,None,internal,No reagent calculation unless Counts=Yes.,
Boc,N-term modifier,Boc,,100.12,Yes,YES,engine CONFIG.BASE_CHEM_TYPES,N-term only when terminal rule is strict | MW user-editable/verify CoA,Yes,CONTROL,terminal/control or inactive,None,internal,No reagent calculation unless Counts=Yes.,
Succinyl,N-term modifier,Succinyl,118.09,,Yes,YES,engine CONFIG.BASE_CHEM_TYPES,N-term only when terminal rule is strict | MW approx; verify exact reagent/salt,Yes,CONTROL,terminal/control or inactive,None,internal,No reagent calculation unless Counts=Yes.,
Maleimide,N-term modifier,Maleimide,97.07,,Yes,YES,engine CONFIG.BASE_CHEM_TYPES,N-term only when terminal rule is strict | MW approx; verify exact reagent/salt,Yes,SPECIAL_VERIFY,special label/linker chemistry; verify reagent form before scale-up,VERIFY,https://cpcscientific.com/custom-peptide-synthesis/dye-labeled-peptides/,"Class retained in dropdown, but exact chemistry depends on reagent form.",
Azide,N-term modifier,Azide,,,Yes,YES,engine CONFIG.BASE_CHEM_TYPES,N-term only when terminal rule is strict | MW user-editable/verify CoA,Yes,CONTROL,terminal/control or inactive,None,internal,No reagent calculation unless Counts=Yes.,
Alkyne,N-term modifier,Alkyne,,,Yes,YES,engine CONFIG.BASE_CHEM_TYPES,N-term only when terminal rule is strict | MW user-editable/verify CoA,Yes,CONTROL,terminal/control or inactive,None,internal,No reagent calculation unless Counts=Yes.,
DBCO,N-term modifier,DBCO,,,Yes,YES,engine CONFIG.BASE_CHEM_TYPES,N-term only when terminal rule is strict | MW user-editable/verify CoA,Yes,CONTROL,terminal/control or inactive,None,internal,No reagent calculation unless Counts=Yes.,
TCO,N-term modifier,TCO,,,Yes,YES,engine CONFIG.BASE_CHEM_TYPES,N-term only when terminal rule is strict | MW user-editable/verify CoA,Yes,CONTROL,terminal/control or inactive,None,internal,No reagent calculation unless Counts=Yes.,
Tetrazine,N-term modifier,Tetrazine,,,Yes,YES,engine CONFIG.BASE_CHEM_TYPES,N-term only when terminal rule is strict | MW user-editable/verify CoA,Yes,CONTROL,terminal/control or inactive,None,internal,No reagent calculation unless Counts=Yes.,
BiotinCap,N-term modifier,BiotinCap,,226.3,Yes,YES,engine CONFIG.BASE_CHEM_TYPES,N-term only when terminal rule is strict | MW user-editable/verify CoA,Yes,ACID_DIC_HOBT,carboxylic acid modifier/label/linker: DIC/HOBt like AA; base=0,DIC/HOBt,https://www.peptide.com/resources/solid-phase-peptide-synthesis/,"AA-like acid coupling, default DIC/HOBt; verify exact reagent form.",
Palmitic acid,N-term modifier,Palmitic acid,256.43,238.41,Yes,YES,N-term DB / alias + user correction,Alias of Pal; uses DIC/HOBt like AA; base=0,Yes,ACID_DIC_HOBT,carboxylic acid modifier/label/linker: DIC/HOBt like AA; base=0,DIC/HOBt,https://www.peptide.com/resources/solid-phase-peptide-synthesis/,"AA-like acid coupling, default DIC/HOBt; verify exact reagent form.",
Palmitoyl,N-term modifier,Palmitoyl,256.43,238.41,Yes,YES,alias + user correction,Alias of Pal; uses DIC/HOBt like AA; base=0,Yes,ACID_DIC_HOBT,carboxylic acid modifier/label/linker: DIC/HOBt like AA; base=0,DIC/HOBt,https://www.peptide.com/resources/solid-phase-peptide-synthesis/,"AA-like acid coupling, default DIC/HOBt; verify exact reagent form.",
Myristic acid,N-term modifier,Myristic acid,228.37,210.36,Yes,YES,N-term DB / alias + user correction,Alias of Myr; uses DIC/HOBt like AA; base=0,Yes,ACID_DIC_HOBT,carboxylic acid modifier/label/linker: DIC/HOBt like AA; base=0,DIC/HOBt,https://www.peptide.com/resources/solid-phase-peptide-synthesis/,"AA-like acid coupling, default DIC/HOBt; verify exact reagent form.",
Myristoyl,N-term modifier,Myristoyl,228.37,210.36,Yes,YES,alias + user correction,Alias of Myr; uses DIC/HOBt like AA; base=0,Yes,ACID_DIC_HOBT,carboxylic acid modifier/label/linker: DIC/HOBt like AA; base=0,DIC/HOBt,https://www.peptide.com/resources/solid-phase-peptide-synthesis/,"AA-like acid coupling, default DIC/HOBt; verify exact reagent form.",
Stearic acid,N-term modifier,Stearic acid,,266.46,Yes,YES,added alias,Alias of Stear | MW user-editable/verify CoA,Yes,ACID_DIC_HOBT,carboxylic acid modifier/label/linker: DIC/HOBt like AA; base=0,DIC/HOBt,https://www.peptide.com/resources/solid-phase-peptide-synthesis/,"AA-like acid coupling, default DIC/HOBt; verify exact reagent form.",
Oleic acid,N-term modifier,Oleic acid,,264.45,Yes,YES,added alias,Alias of Ole | MW user-editable/verify CoA,Yes,ACID_DIC_HOBT,carboxylic acid modifier/label/linker: DIC/HOBt like AA; base=0,DIC/HOBt,https://www.peptide.com/resources/solid-phase-peptide-synthesis/,"AA-like acid coupling, default DIC/HOBt; verify exact reagent form.",
Galloyl,N-term modifier,Galloyl,170.12,152.1,Yes,YES,alias + user correction,Alias of Gal; uses DIC/HOBt like AA; base=0,Yes,ACID_DIC_HOBT,carboxylic acid modifier/label/linker: DIC/HOBt like AA; base=0,DIC/HOBt,https://www.peptide.com/resources/solid-phase-peptide-synthesis/,"AA-like acid coupling, default DIC/HOBt; verify exact reagent form.",
Biotin,Label,Biotin,244.31,226.3,Yes,YES,alias,Alias of BIOTIN | MW approx; verify exact reagent/salt,Yes,ACID_DIC_HOBT,carboxylic acid modifier/label/linker: DIC/HOBt like AA; base=0,DIC/HOBt,https://www.peptide.com/resources/solid-phase-peptide-synthesis/,"AA-like acid coupling, default DIC/HOBt; verify exact reagent form.",
FITC,Label,FITC,389.38,389.38,Yes,YES,label DB,Fluorescein isothiocyanate | MW approx; verify exact reagent/salt,Yes,FITC_DIEA,FITC isothiocyanate: reacts with free amine under base; spacer recommended,DIEA,https://www.peptideweb.com/fitc-labeling,FITC can side-react/truncate without spacer; consider Ahx.,
NONE,Label,NONE,,0.0,Yes,YES,engine CONFIG.LABEL_TYPES,N-term only when terminal rule is strict | MW user-editable/verify CoA,Yes,CONTROL,terminal/control or inactive,None,internal,No reagent calculation unless Counts=Yes.,
BIOTIN,Label,BIOTIN,,226.3,Yes,YES,engine CONFIG.LABEL_TYPES,N-term only when terminal rule is strict | MW user-editable/verify CoA,Yes,ACID_DIC_HOBT,carboxylic acid modifier/label/linker: DIC/HOBt like AA; base=0,DIC/HOBt,https://www.peptide.com/resources/solid-phase-peptide-synthesis/,"AA-like acid coupling, default DIC/HOBt; verify exact reagent form.",
Desthiobiotin,Label,Desthiobiotin,,210.3,Yes,YES,engine CONFIG.LABEL_TYPES,N-term only when terminal rule is strict | MW user-editable/verify CoA,Yes,CONTROL,terminal/control or inactive,None,internal,No reagent calculation unless Counts=Yes.,
FAM,Label,FAM,,376.32,Yes,YES,engine CONFIG.LABEL_TYPES,N-term only when terminal rule is strict | MW user-editable/verify CoA,Yes,ACID_DIC_HOBT,carboxylic acid modifier/label/linker: DIC/HOBt like AA; base=0,DIC/HOBt,https://www.peptide.com/resources/solid-phase-peptide-synthesis/,"AA-like acid coupling, default DIC/HOBt; verify exact reagent form.",
TAMRA,Label,TAMRA,,430.46,Yes,YES,engine CONFIG.LABEL_TYPES,N-term only when terminal rule is strict | MW user-editable/verify CoA,Yes,ACID_DIC_HOBT,carboxylic acid modifier/label/linker: DIC/HOBt like AA; base=0,DIC/HOBt,https://www.peptide.com/resources/solid-phase-peptide-synthesis/,"AA-like acid coupling, default DIC/HOBt; verify exact reagent form.",
ROX,Label,ROX,,,Yes,YES,engine CONFIG.LABEL_TYPES,N-term only when terminal rule is strict | MW user-editable/verify CoA,Yes,CONTROL,terminal/control or inactive,None,internal,No reagent calculation unless Counts=Yes.,
CY3,Label,CY3,,,Yes,YES,engine CONFIG.LABEL_TYPES,N-term only when terminal rule is strict | MW user-editable/verify CoA,Yes,CONTROL,terminal/control or inactive,None,internal,No reagent calculation unless Counts=Yes.,
CY5,Label,CY5,,,Yes,YES,engine CONFIG.LABEL_TYPES,N-term only when terminal rule is strict | MW user-editable/verify CoA,Yes,CONTROL,terminal/control or inactive,None,internal,No reagent calculation unless Counts=Yes.,
CY5_5,Label,CY5_5,,,Yes,YES,engine CONFIG.LABEL_TYPES,N-term only when terminal rule is strict | MW user-editable/verify CoA,Yes,CONTROL,terminal/control or inactive,None,internal,No reagent calculation unless Counts=Yes.,
CY7,Label,CY7,,,Yes,YES,engine CONFIG.LABEL_TYPES,N-term only when terminal rule is strict | MW user-editable/verify CoA,Yes,CONTROL,terminal/control or inactive,None,internal,No reagent calculation unless Counts=Yes.,
Alexa488,Label,Alexa488,,,Yes,YES,engine CONFIG.LABEL_TYPES,N-term only when terminal rule is strict | MW user-editable/verify CoA,Yes,CONTROL,terminal/control or inactive,None,internal,No reagent calculation unless Counts=Yes.,
Alexa555,Label,Alexa555,,,Yes,YES,engine CONFIG.LABEL_TYPES,N-term only when terminal rule is strict | MW user-editable/verify CoA,Yes,CONTROL,terminal/control or inactive,None,internal,No reagent calculation unless Counts=Yes.,
Alexa647,Label,Alexa647,,,Yes,YES,engine CONFIG.LABEL_TYPES,N-term only when terminal rule is strict | MW user-editable/verify CoA,Yes,CONTROL,terminal/control or inactive,None,internal,No reagent calculation unless Counts=Yes.,
DOTA,Label,DOTA,,,Yes,YES,engine CONFIG.LABEL_TYPES,N-term only when terminal rule is strict | MW user-editable/verify CoA,Yes,ACID_SELECTED,chelator acid: use selected coupling system; HBTU/HATU often used,Selected / HBTU-HATU,https://pubmed.ncbi.nlm.nih.gov/15007806/,DOTA/chelator may need stronger activation; verify before scale-up.,
NOTA,Label,NOTA,,,Yes,YES,engine CONFIG.LABEL_TYPES,N-term only when terminal rule is strict | MW user-editable/verify CoA,Yes,ACID_SELECTED,chelator acid: use selected coupling system; HBTU/HATU often used,Selected / HBTU-HATU,https://pubmed.ncbi.nlm.nih.gov/15007806/,DOTA/chelator may need stronger activation; verify before scale-up.,
DFO,Label,DFO,,,Yes,YES,engine CONFIG.LABEL_TYPES,N-term only when terminal rule is strict | MW user-editable/verify CoA,Yes,ACID_SELECTED,chelator acid: use selected coupling system; HBTU/HATU often used,Selected / HBTU-HATU,https://pubmed.ncbi.nlm.nih.gov/15007806/,DOTA/chelator may need stronger activation; verify before scale-up.,
NBD,Label,NBD,,,Yes,YES,engine CONFIG.LABEL_TYPES,N-term only when terminal rule is strict | MW user-editable/verify CoA,Yes,CONTROL,terminal/control or inactive,None,internal,No reagent calculation unless Counts=Yes.,
Dansyl,Label,Dansyl,,,Yes,YES,engine CONFIG.LABEL_TYPES,N-term only when terminal rule is strict | MW user-editable/verify CoA,Yes,SPECIAL_VERIFY,special label/linker chemistry; verify reagent form before scale-up,VERIFY,https://cpcscientific.com/custom-peptide-synthesis/dye-labeled-peptides/,"Class retained in dropdown, but exact chemistry depends on reagent form.",
BODIPY,Label,BODIPY,,,Yes,YES,engine CONFIG.LABEL_TYPES,N-term only when terminal rule is strict | MW user-editable/verify CoA,Yes,SPECIAL_VERIFY,special label/linker chemistry; verify reagent form before scale-up,VERIFY,https://cpcscientific.com/custom-peptide-synthesis/dye-labeled-peptides/,"Class retained in dropdown, but exact chemistry depends on reagent form.",
EDANS,Label,EDANS,,,Yes,YES,engine CONFIG.LABEL_TYPES,N-term only when terminal rule is strict | MW user-editable/verify CoA,Yes,SPECIAL_VERIFY,special label/linker chemistry; verify reagent form before scale-up,VERIFY,https://cpcscientific.com/custom-peptide-synthesis/dye-labeled-peptides/,"Class retained in dropdown, but exact chemistry depends on reagent form.",
Dabcyl,Label,Dabcyl,,,Yes,YES,engine CONFIG.LABEL_TYPES,N-term only when terminal rule is strict | MW user-editable/verify CoA,Yes,SPECIAL_VERIFY,special label/linker chemistry; verify reagent form before scale-up,VERIFY,https://cpcscientific.com/custom-peptide-synthesis/dye-labeled-peptides/,"Class retained in dropdown, but exact chemistry depends on reagent form.",
BHQ1,Label,BHQ1,,,Yes,YES,engine CONFIG.LABEL_TYPES,N-term only when terminal rule is strict | MW user-editable/verify CoA,Yes,SPECIAL_VERIFY,special label/linker chemistry; verify reagent form before scale-up,VERIFY,https://cpcscientific.com/custom-peptide-synthesis/dye-labeled-peptides/,"Class retained in dropdown, but exact chemistry depends on reagent form.",
BHQ2,Label,BHQ2,,,Yes,YES,engine CONFIG.LABEL_TYPES,N-term only when terminal rule is strict | MW user-editable/verify CoA,Yes,SPECIAL_VERIFY,special label/linker chemistry; verify reagent form before scale-up,VERIFY,https://cpcscientific.com/custom-peptide-synthesis/dye-labeled-peptides/,"Class retained in dropdown, but exact chemistry depends on reagent form.",
His6,Tag,His6,,822.8399999999999,Yes,YES,engine CONFIG.TAG_TYPES,N-term only when terminal rule is strict | MW user-editable/verify CoA,Yes,DEFAULT_SELECTED,standard coupling unit: use selected coupling system,Selected,internal DB / uploaded files,AA-like unit; user-editable.,
His8,Tag,His8,,1097.12,Yes,YES,engine CONFIG.TAG_TYPES,N-term only when terminal rule is strict | MW user-editable/verify CoA,Yes,DEFAULT_SELECTED,standard coupling unit: use selected coupling system,Selected,internal DB / uploaded files,AA-like unit; user-editable.,
His10,Tag,His10,,1371.3999999999999,Yes,YES,engine CONFIG.TAG_TYPES,N-term only when terminal rule is strict | MW user-editable/verify CoA,Yes,DEFAULT_SELECTED,standard coupling unit: use selected coupling system,Selected,internal DB / uploaded files,AA-like unit; user-editable.,
FLAG,Tag,FLAG,,994.97,Yes,YES,engine CONFIG.TAG_TYPES,N-term only when terminal rule is strict | MW user-editable/verify CoA,Yes,DEFAULT_SELECTED,standard coupling unit: use selected coupling system,Selected,internal DB / uploaded files,AA-like unit; user-editable.,
HA,Tag,HA,,1084.17,Yes,YES,engine CONFIG.TAG_TYPES,N-term only when terminal rule is strict | MW user-editable/verify CoA,Yes,DEFAULT_SELECTED,standard coupling unit: use selected coupling system,Selected,internal DB / uploaded files,AA-like unit; user-editable.,
Myc,Tag,Myc,,1185.31,Yes,YES,engine CONFIG.TAG_TYPES,N-term only when terminal rule is strict | MW user-editable/verify CoA,Yes,DEFAULT_SELECTED,standard coupling unit: use selected coupling system,Selected,internal DB / uploaded files,AA-like unit; user-editable.,
StrepII,Tag,StrepII,,1040.15,Yes,YES,engine CONFIG.TAG_TYPES,N-term only when terminal rule is strict | MW user-editable/verify CoA,Yes,DEFAULT_SELECTED,standard coupling unit: use selected coupling system,Selected,internal DB / uploaded files,AA-like unit; user-editable.,
TwinStrep,Tag,TwinStrep,,,Yes,YES,engine CONFIG.TAG_TYPES,N-term only when terminal rule is strict | MW user-editable/verify CoA,Yes,DEFAULT_SELECTED,standard coupling unit: use selected coupling system,Selected,internal DB / uploaded files,AA-like unit; user-editable.,
V5,Tag,V5,,,Yes,YES,engine CONFIG.TAG_TYPES,N-term only when terminal rule is strict | MW user-editable/verify CoA,Yes,DEFAULT_SELECTED,standard coupling unit: use selected coupling system,Selected,internal DB / uploaded files,AA-like unit; user-editable.,
T7,Tag,T7,,,Yes,YES,engine CONFIG.TAG_TYPES,N-term only when terminal rule is strict | MW user-editable/verify CoA,Yes,DEFAULT_SELECTED,standard coupling unit: use selected coupling system,Selected,internal DB / uploaded files,AA-like unit; user-editable.,
ALFA,Tag,ALFA,,,Yes,YES,engine CONFIG.TAG_TYPES,N-term only when terminal rule is strict | MW user-editable/verify CoA,Yes,DEFAULT_SELECTED,standard coupling unit: use selected coupling system,Selected,internal DB / uploaded files,AA-like unit; user-editable.,
AviTag,Tag,AviTag,,,Yes,YES,engine CONFIG.TAG_TYPES,N-term only when terminal rule is strict | MW user-editable/verify CoA,Yes,DEFAULT_SELECTED,standard coupling unit: use selected coupling system,Selected,internal DB / uploaded files,AA-like unit; user-editable.,
SpyTag,Tag,SpyTag,,,Yes,YES,engine CONFIG.TAG_TYPES,N-term only when terminal rule is strict | MW user-editable/verify CoA,Yes,DEFAULT_SELECTED,standard coupling unit: use selected coupling system,Selected,internal DB / uploaded files,AA-like unit; user-editable.,
Gly,Linker,Gly,,,Yes,YES,engine LINKER_TYPES/CUSTOM_AA_LINKERS,N-term only when terminal rule is strict | MW user-editable/verify CoA,Yes,DEFAULT_SELECTED,standard coupling unit: use selected coupling system,Selected,internal DB / uploaded files,AA-like unit; user-editable.,
GG,Linker,GG,,,Yes,YES,engine LINKER_TYPES/CUSTOM_AA_LINKERS,N-term only when terminal rule is strict | MW user-editable/verify CoA,Yes,DEFAULT_SELECTED,standard coupling unit: use selected coupling system,Selected,internal DB / uploaded files,AA-like unit; user-editable.,
GGG,Linker,GGG,,,Yes,YES,engine LINKER_TYPES/CUSTOM_AA_LINKERS,N-term only when terminal rule is strict | MW user-editable/verify CoA,Yes,DEFAULT_SELECTED,standard coupling unit: use selected coupling system,Selected,internal DB / uploaded files,AA-like unit; user-editable.,
GS,Linker,GS,,,Yes,YES,engine LINKER_TYPES/CUSTOM_AA_LINKERS,N-term only when terminal rule is strict | MW user-editable/verify CoA,Yes,DEFAULT_SELECTED,standard coupling unit: use selected coupling system,Selected,internal DB / uploaded files,AA-like unit; user-editable.,
GSG,Linker,GSG,,,Yes,YES,engine LINKER_TYPES/CUSTOM_AA_LINKERS,N-term only when terminal rule is strict | MW user-editable/verify CoA,Yes,DEFAULT_SELECTED,standard coupling unit: use selected coupling system,Selected,internal DB / uploaded files,AA-like unit; user-editable.,
G4S,Linker,G4S,,,Yes,YES,engine LINKER_TYPES/CUSTOM_AA_LINKERS,N-term only when terminal rule is strict | MW user-editable/verify CoA,Yes,DEFAULT_SELECTED,standard coupling unit: use selected coupling system,Selected,internal DB / uploaded files,AA-like unit; user-editable.,
G4Sx2,Linker,G4Sx2,,,Yes,YES,engine LINKER_TYPES/CUSTOM_AA_LINKERS,N-term only when terminal rule is strict | MW user-editable/verify CoA,Yes,DEFAULT_SELECTED,standard coupling unit: use selected coupling system,Selected,internal DB / uploaded files,AA-like unit; user-editable.,
Ahx,Linker,Ahx,131.17,113.16,Yes,YES,engine LINKER_TYPES/CUSTOM_AA_LINKERS,N-term only when terminal rule is strict | MW approx; verify exact reagent/salt,Yes,DEFAULT_SELECTED,standard coupling unit: use selected coupling system,Selected,internal DB / uploaded files,AA-like unit; user-editable.,
AEEA,Linker,AEEA,161.2,161.2,Yes,YES,engine LINKER_TYPES/CUSTOM_AA_LINKERS,N-term only when terminal rule is strict | MW approx; verify exact reagent/salt,Yes,DEFAULT_SELECTED,standard coupling unit: use selected coupling system,Selected,internal DB / uploaded files,AA-like unit; user-editable.,
PEG1,Linker,PEG1,,,Yes,YES,engine LINKER_TYPES/CUSTOM_AA_LINKERS,N-term only when terminal rule is strict | MW user-editable/verify CoA,Yes,DEFAULT_SELECTED,standard coupling unit: use selected coupling system,Selected,internal DB / uploaded files,AA-like unit; user-editable.,
PEG2,Linker,PEG2,194.23,132.16,Yes,YES,engine LINKER_TYPES/CUSTOM_AA_LINKERS,N-term only when terminal rule is strict | MW approx; verify exact reagent/salt,Yes,DEFAULT_SELECTED,standard coupling unit: use selected coupling system,Selected,internal DB / uploaded files,AA-like unit; user-editable.,
PEG3,Linker,PEG3,,176.21,Yes,YES,engine LINKER_TYPES/CUSTOM_AA_LINKERS,N-term only when terminal rule is strict | MW user-editable/verify CoA,Yes,DEFAULT_SELECTED,standard coupling unit: use selected coupling system,Selected,internal DB / uploaded files,AA-like unit; user-editable.,
PEG4,Linker,PEG4,282.34,220.26,Yes,YES,engine LINKER_TYPES/CUSTOM_AA_LINKERS,N-term only when terminal rule is strict | MW approx; verify exact reagent/salt,Yes,DEFAULT_SELECTED,standard coupling unit: use selected coupling system,Selected,internal DB / uploaded files,AA-like unit; user-editable.,
PEG6,Linker,PEG6,,,Yes,YES,engine LINKER_TYPES/CUSTOM_AA_LINKERS,N-term only when terminal rule is strict | MW user-editable/verify CoA,Yes,DEFAULT_SELECTED,standard coupling unit: use selected coupling system,Selected,internal DB / uploaded files,AA-like unit; user-editable.,
PEG8,Linker,PEG8,458.55,,Yes,YES,engine LINKER_TYPES/CUSTOM_AA_LINKERS,N-term only when terminal rule is strict | MW approx; verify exact reagent/salt,Yes,DEFAULT_SELECTED,standard coupling unit: use selected coupling system,Selected,internal DB / uploaded files,AA-like unit; user-editable.,
PEG12,Linker,PEG12,634.76,,Yes,YES,engine LINKER_TYPES/CUSTOM_AA_LINKERS,N-term only when terminal rule is strict | MW approx; verify exact reagent/salt,Yes,DEFAULT_SELECTED,standard coupling unit: use selected coupling system,Selected,internal DB / uploaded files,AA-like unit; user-editable.,
PEG24,Linker,PEG24,1163.4,,Yes,YES,engine LINKER_TYPES/CUSTOM_AA_LINKERS,N-term only when terminal rule is strict | MW approx; verify exact reagent/salt,Yes,DEFAULT_SELECTED,standard coupling unit: use selected coupling system,Selected,internal DB / uploaded files,AA-like unit; user-editable.,
bAla,Linker,bAla,89.09,,Yes,YES,engine LINKER_TYPES/CUSTOM_AA_LINKERS,N-term only when terminal rule is strict | MW approx; verify exact reagent/salt,Yes,DEFAULT_SELECTED,standard coupling unit: use selected coupling system,Selected,internal DB / uploaded files,AA-like unit; user-editable.,
PipLink,Linker,PipLink,,,Yes,YES,engine LINKER_TYPES/CUSTOM_AA_LINKERS,N-term only when terminal rule is strict | MW user-editable/verify CoA,Yes,DEFAULT_SELECTED,standard coupling unit: use selected coupling system,Selected,internal DB / uploaded files,AA-like unit; user-editable.,
LysLink,Linker,LysLink,,,Yes,YES,engine LINKER_TYPES/CUSTOM_AA_LINKERS,N-term only when terminal rule is strict | MW user-editable/verify CoA,Yes,DEFAULT_SELECTED,standard coupling unit: use selected coupling system,Selected,internal DB / uploaded files,AA-like unit; user-editable.,
CysLink,Linker,CysLink,,,Yes,YES,engine LINKER_TYPES/CUSTOM_AA_LINKERS,N-term only when terminal rule is strict | MW user-editable/verify CoA,Yes,DEFAULT_SELECTED,standard coupling unit: use selected coupling system,Selected,internal DB / uploaded files,AA-like unit; user-editable.,
SS,Linker,SS,,,Yes,YES,engine LINKER_TYPES/CUSTOM_AA_LINKERS,N-term only when terminal rule is strict | MW user-editable/verify CoA,Yes,DEFAULT_SELECTED,standard coupling unit: use selected coupling system,Selected,internal DB / uploaded files,AA-like unit; user-editable.,
Triazole,Linker,Triazole,,,Yes,YES,engine LINKER_TYPES/CUSTOM_AA_LINKERS,N-term only when terminal rule is strict | MW user-editable/verify CoA,Yes,DEFAULT_SELECTED,standard coupling unit: use selected coupling system,Selected,internal DB / uploaded files,AA-like unit; user-editable.,
Click,Linker,Click,,,Yes,YES,engine LINKER_TYPES/CUSTOM_AA_LINKERS,N-term only when terminal rule is strict | MW user-editable/verify CoA,Yes,DEFAULT_SELECTED,standard coupling unit: use selected coupling system,Selected,internal DB / uploaded files,AA-like unit; user-editable.,
DSS,Linker,DSS,,,Yes,YES,engine LINKER_TYPES/CUSTOM_AA_LINKERS,N-term only when terminal rule is strict | MW user-editable/verify CoA,Yes,DEFAULT_SELECTED,standard coupling unit: use selected coupling system,Selected,internal DB / uploaded files,AA-like unit; user-editable.,
SMCC,Linker,SMCC,,,Yes,YES,engine LINKER_TYPES/CUSTOM_AA_LINKERS,N-term only when terminal rule is strict | MW user-editable/verify CoA,Yes,SPECIAL_VERIFY,special label/linker chemistry; verify reagent form before scale-up,VERIFY,https://cpcscientific.com/custom-peptide-synthesis/dye-labeled-peptides/,"Class retained in dropdown, but exact chemistry depends on reagent form.",
SulfoSMCC,Linker,SulfoSMCC,,,Yes,YES,engine LINKER_TYPES/CUSTOM_AA_LINKERS,N-term only when terminal rule is strict | MW user-editable/verify CoA,Yes,SPECIAL_VERIFY,special label/linker chemistry; verify reagent form before scale-up,VERIFY,https://cpcscientific.com/custom-peptide-synthesis/dye-labeled-peptides/,"Class retained in dropdown, but exact chemistry depends on reagent form.",
EDC,Linker,EDC,,,Yes,YES,engine LINKER_TYPES/CUSTOM_AA_LINKERS,N-term only when terminal rule is strict | MW user-editable/verify CoA,Yes,DEFAULT_SELECTED,standard coupling unit: use selected coupling system,Selected,internal DB / uploaded files,AA-like unit; user-editable.,
Hydrazone,Linker,Hydrazone,,,Yes,YES,engine LINKER_TYPES/CUSTOM_AA_LINKERS,N-term only when terminal rule is strict | MW user-editable/verify CoA,Yes,DEFAULT_SELECTED,standard coupling unit: use selected coupling system,Selected,internal DB / uploaded files,AA-like unit; user-editable.,
Oxime,Linker,Oxime,,,Yes,YES,engine LINKER_TYPES/CUSTOM_AA_LINKERS,N-term only when terminal rule is strict | MW user-editable/verify CoA,Yes,DEFAULT_SELECTED,standard coupling unit: use selected coupling system,Selected,internal DB / uploaded files,AA-like unit; user-editable.,
AA_G2,Linker,AA_G2,,,Yes,YES,engine LINKER_TYPES/CUSTOM_AA_LINKERS,N-term only when terminal rule is strict | MW user-editable/verify CoA,Yes,DEFAULT_SELECTED,standard coupling unit: use selected coupling system,Selected,internal DB / uploaded files,AA-like unit; user-editable.,
AA_G4,Linker,AA_G4,,,Yes,YES,engine LINKER_TYPES/CUSTOM_AA_LINKERS,N-term only when terminal rule is strict | MW user-editable/verify CoA,Yes,DEFAULT_SELECTED,standard coupling unit: use selected coupling system,Selected,internal DB / uploaded files,AA-like unit; user-editable.,
AA_G6,Linker,AA_G6,,,Yes,YES,engine LINKER_TYPES/CUSTOM_AA_LINKERS,N-term only when terminal rule is strict | MW user-editable/verify CoA,Yes,DEFAULT_SELECTED,standard coupling unit: use selected coupling system,Selected,internal DB / uploaded files,AA-like unit; user-editable.,
AA_A2,Linker,AA_A2,,,Yes,YES,engine LINKER_TYPES/CUSTOM_AA_LINKERS,N-term only when terminal rule is strict | MW user-editable/verify CoA,Yes,DEFAULT_SELECTED,standard coupling unit: use selected coupling system,Selected,internal DB / uploaded files,AA-like unit; user-editable.,
AA_A4,Linker,AA_A4,,,Yes,YES,engine LINKER_TYPES/CUSTOM_AA_LINKERS,N-term only when terminal rule is strict | MW user-editable/verify CoA,Yes,DEFAULT_SELECTED,standard coupling unit: use selected coupling system,Selected,internal DB / uploaded files,AA-like unit; user-editable.,
AA_GS2,Linker,AA_GS2,,,Yes,YES,engine LINKER_TYPES/CUSTOM_AA_LINKERS,N-term only when terminal rule is strict | MW user-editable/verify CoA,Yes,DEFAULT_SELECTED,standard coupling unit: use selected coupling system,Selected,internal DB / uploaded files,AA-like unit; user-editable.,
AA_GS4,Linker,AA_GS4,,,Yes,YES,engine LINKER_TYPES/CUSTOM_AA_LINKERS,N-term only when terminal rule is strict | MW user-editable/verify CoA,Yes,DEFAULT_SELECTED,standard coupling unit: use selected coupling system,Selected,internal DB / uploaded files,AA-like unit; user-editable.,
AA_GS6,Linker,AA_GS6,,,Yes,YES,engine LINKER_TYPES/CUSTOM_AA_LINKERS,N-term only when terminal rule is strict | MW user-editable/verify CoA,Yes,DEFAULT_SELECTED,standard coupling unit: use selected coupling system,Selected,internal DB / uploaded files,AA-like unit; user-editable.,
AA_AP,Linker,AA_AP,,,Yes,YES,engine LINKER_TYPES/CUSTOM_AA_LINKERS,N-term only when terminal rule is strict | MW user-editable/verify CoA,Yes,DEFAULT_SELECTED,standard coupling unit: use selected coupling system,Selected,internal DB / uploaded files,AA-like unit; user-editable.,
NH2,C-terminal,NH2,,-0.98,No,YES,terminal,C-terminal output/token | MW user-editable/verify CoA,Yes,CONTROL,terminal/control or inactive,None,internal,No reagent calculation unless Counts=Yes.,
OH,C-terminal,OH,,0.0,No,YES,terminal,C-terminal output/token | MW user-editable/verify CoA,Yes,CONTROL,terminal/control or inactive,None,internal,No reagent calculation unless Counts=Yes.,
Gallic acid,N-term modifier,Gallic acid,170.12,152.1,Yes,YES,user correction,Alias of Gal; uses DIC/HOBt like AA; base=0,Yes,ACID_DIC_HOBT,carboxylic acid modifier/label/linker: DIC/HOBt like AA; base=0,DIC/HOBt,https://www.peptide.com/resources/solid-phase-peptide-synthesis/,"AA-like acid coupling, default DIC/HOBt; verify exact reagent form.",
Acetic acid,N-term modifier,Acetic acid / acetylation route,60.05,60.05,Yes,YES,user alias,Alternative acetylation route; not default Ac2O calculation unless explicitly selected,Yes,ACOH_ROUTE,AcOH route requires SOP-specific activation/conditions,DIEA,internal user rule,Use only if actual AcOH route is selected.,
Acetyl,N-term modifier,Acetyl cap,60.05,42.04,Yes,YES,user alias,Alias of Ac; uses DIEA cap chemistry; no DIC/HOBt,Yes,AC_DIEA,Ac cap: DIEA/base only; no DIC/HOBt,DIEA,internal user rule,Ac is not DIC/HOBt; base column is DIEA amount.,
Lau,N-term modifier,Lauric acid,200.32,182.31,Yes,YES,expanded DB / lipidation family,C12 fatty acid; treat as acid coupling like AA; verify CoA,Yes,ACID_DIC_HOBT,carboxylic acid modifier/label/linker: DIC/HOBt like AA; base=0,DIC/HOBt,https://www.peptide.com/resources/solid-phase-peptide-synthesis/,"AA-like acid coupling, default DIC/HOBt; verify exact reagent form.",
Lauric acid,N-term modifier,Lauric acid,200.32,182.31,Yes,YES,expanded DB / lipidation family,Alias of Lau; C12 acid coupling; verify CoA,Yes,ACID_DIC_HOBT,carboxylic acid modifier/label/linker: DIC/HOBt like AA; base=0,DIC/HOBt,https://www.peptide.com/resources/solid-phase-peptide-synthesis/,"AA-like acid coupling, default DIC/HOBt; verify exact reagent form.",
Oct,N-term modifier,Octanoic acid,144.21,126.2,Yes,YES,expanded DB / lipidation family,C8 fatty acid; treat as acid coupling like AA; verify CoA,Yes,ACID_DIC_HOBT,carboxylic acid modifier/label/linker: DIC/HOBt like AA; base=0,DIC/HOBt,https://www.peptide.com/resources/solid-phase-peptide-synthesis/,"AA-like acid coupling, default DIC/HOBt; verify exact reagent form.",
Octanoic acid,N-term modifier,Octanoic acid,144.21,126.2,Yes,YES,expanded DB / lipidation family,Alias of Oct; C8 acid coupling; verify CoA,Yes,ACID_DIC_HOBT,carboxylic acid modifier/label/linker: DIC/HOBt like AA; base=0,DIC/HOBt,https://www.peptide.com/resources/solid-phase-peptide-synthesis/,"AA-like acid coupling, default DIC/HOBt; verify exact reagent form.",
Hexanoyl,N-term modifier,Hexanoic acid,116.16,98.15,Yes,YES,expanded DB / lipidation family,C6 fatty acid; treat as acid coupling like AA; verify CoA,Yes,ACID_DIC_HOBT,carboxylic acid modifier/label/linker: DIC/HOBt like AA; base=0,DIC/HOBt,https://www.peptide.com/resources/solid-phase-peptide-synthesis/,"AA-like acid coupling, default DIC/HOBt; verify exact reagent form.",
BzOH,N-term modifier,Benzoic acid,122.12,104.11,Yes,YES,expanded DB,Benzoic acid cap; acid coupling; verify CoA,Yes,ACID_DIC_HOBT,carboxylic acid modifier/label/linker: DIC/HOBt like AA; base=0,DIC/HOBt,https://www.peptide.com/resources/solid-phase-peptide-synthesis/,"AA-like acid coupling, default DIC/HOBt; verify exact reagent form.",
Suc,N-term modifier,Succinic anhydride / succinic acid,118.09,100.07,Yes,YES,expanded DB,Succinyl cap; reagent choice affects MW; verify exact reagent,Yes,ACID_DIC_HOBT,carboxylic acid modifier/label/linker: DIC/HOBt like AA; base=0,DIC/HOBt,https://www.peptide.com/resources/solid-phase-peptide-synthesis/,"AA-like acid coupling, default DIC/HOBt; verify exact reagent form.",
Biotin acid,Label,Biotin,244.31,226.3,Yes,YES,expanded DB / user data zip: PEP-Biotin,Biotin carboxylic acid; acid coupling like AA; verify CoA,Yes,ACID_DIC_HOBT,carboxylic acid modifier/label/linker: DIC/HOBt like AA; base=0,DIC/HOBt,https://www.peptide.com/resources/solid-phase-peptide-synthesis/,"AA-like acid coupling, default DIC/HOBt; verify exact reagent form.",
Biotin-NHS,Label,Biotin-NHS ester,341.38,226.3,Yes,YES,expanded DB,Activated ester; couples to N-terminal amine with DIEA/base; no DIC/HOBt,Yes,NHS_DIEA,NHS/activated ester: reacts with N-terminal amine; DIEA/base only,DIEA,https://www.aatbio.com/resources/faq-frequently-asked-questions/What-is-the-difference-between-NHS-and-Sulfo-NHS,No DIC/HOBt required for activated ester.,
5-FAM,Label,5-Carboxyfluorescein,376.32,358.31,Yes,YES,expanded DB / CPC dye list,FAM carboxylic acid; acid coupling; verify isomer and CoA,Yes,ACID_DIC_HOBT,carboxylic acid modifier/label/linker: DIC/HOBt like AA; base=0,DIC/HOBt,https://www.peptide.com/resources/solid-phase-peptide-synthesis/,"AA-like acid coupling, default DIC/HOBt; verify exact reagent form.",
6-FAM,Label,6-Carboxyfluorescein,376.32,358.31,Yes,YES,expanded DB / CPC dye list,FAM carboxylic acid; acid coupling; verify isomer and CoA,Yes,ACID_DIC_HOBT,carboxylic acid modifier/label/linker: DIC/HOBt like AA; base=0,DIC/HOBt,https://www.peptide.com/resources/solid-phase-peptide-synthesis/,"AA-like acid coupling, default DIC/HOBt; verify exact reagent form.",
FAM-NHS,Label,FAM NHS ester,473.39,358.31,Yes,YES,expanded DB,Activated ester label; DIEA/base only; verify CoA,Yes,NHS_DIEA,NHS/activated ester: reacts with N-terminal amine; DIEA/base only,DIEA,https://www.aatbio.com/resources/faq-frequently-asked-questions/What-is-the-difference-between-NHS-and-Sulfo-NHS,No DIC/HOBt required for activated ester.,
5-TAMRA,Label,5-Carboxytetramethylrhodamine,430.46,412.45,Yes,YES,expanded DB / CPC dye list,TAMRA carboxylic acid; acid coupling; verify CoA/isomer,Yes,ACID_DIC_HOBT,carboxylic acid modifier/label/linker: DIC/HOBt like AA; base=0,DIC/HOBt,https://www.peptide.com/resources/solid-phase-peptide-synthesis/,"AA-like acid coupling, default DIC/HOBt; verify exact reagent form.",
6-TAMRA,Label,6-Carboxytetramethylrhodamine,430.46,412.45,Yes,YES,expanded DB / CPC dye list,TAMRA carboxylic acid; acid coupling; verify CoA/isomer,Yes,ACID_DIC_HOBT,carboxylic acid modifier/label/linker: DIC/HOBt like AA; base=0,DIC/HOBt,https://www.peptide.com/resources/solid-phase-peptide-synthesis/,"AA-like acid coupling, default DIC/HOBt; verify exact reagent form.",
TAMRA-NHS,Label,TAMRA NHS ester,527.53,412.45,Yes,YES,expanded DB,Activated ester label; DIEA/base only; verify CoA,Yes,NHS_DIEA,NHS/activated ester: reacts with N-terminal amine; DIEA/base only,DIEA,https://www.aatbio.com/resources/faq-frequently-asked-questions/What-is-the-difference-between-NHS-and-Sulfo-NHS,No DIC/HOBt required for activated ester.,
FITC-Ahx,Label,FITC-Ahx / fluorescein-Ahx acid or prebuilt label,502.54,484.53,Yes,YES,user data zip: FITC-Ahx peptides,Prefer Ahx spacer for FITC-labeled peptides; verify exact reagent,Yes,CONTROL,terminal/control or inactive,None,internal,No reagent calculation unless Counts=Yes.,
Rhodamine B,Label,Rhodamine B acid,479.02,461.01,Yes,YES,expanded DB / dye list,Carboxy dye coupling; verify exact reagent/salt,Yes,ACID_DIC_HOBT,carboxylic acid modifier/label/linker: DIC/HOBt like AA; base=0,DIC/HOBt,https://www.peptide.com/resources/solid-phase-peptide-synthesis/,"AA-like acid coupling, default DIC/HOBt; verify exact reagent form.",
Mca,Label,7-Methoxycoumarin-4-acetic acid,234.21,216.2,Yes,YES,expanded DB,Mca fluorophore acid; verify exact reagent,Yes,ACID_DIC_HOBT,carboxylic acid modifier/label/linker: DIC/HOBt like AA; base=0,DIC/HOBt,https://www.peptide.com/resources/solid-phase-peptide-synthesis/,"AA-like acid coupling, default DIC/HOBt; verify exact reagent form.",
DNP,Label,"2,4-Dinitrophenyl",184.11,167.1,Yes,YES,expanded DB,DNP label; verify exact reagent and chemistry,Yes,SPECIAL_VERIFY,special label/linker chemistry; verify reagent form before scale-up,VERIFY,https://cpcscientific.com/custom-peptide-synthesis/dye-labeled-peptides/,"Class retained in dropdown, but exact chemistry depends on reagent form.",
DOTA-tris(tBu),Label,DOTA-tris(tBu) ester acid,560.64,542.63,Yes,YES,expanded DB / DOTA SPPS sources,Chelator acid; literature often uses HBTU/HATU activation; verify CoA,Yes,ACID_SELECTED,chelator acid: use selected coupling system; HBTU/HATU often used,Selected / HBTU-HATU,https://pubmed.ncbi.nlm.nih.gov/15007806/,DOTA/chelator may need stronger activation; verify before scale-up.,
DOTA-NHS,Label,DOTA-NHS ester,551.51,386.36,Yes,YES,expanded DB,Activated ester chelator; DIEA/base only; verify exact salt,Yes,NHS_DIEA,NHS/activated ester: reacts with N-terminal amine; DIEA/base only,DIEA,https://www.aatbio.com/resources/faq-frequently-asked-questions/What-is-the-difference-between-NHS-and-Sulfo-NHS,No DIC/HOBt required for activated ester.,
NOTA-NHS,Label,NOTA-NHS ester,444.4,324.33,Yes,YES,expanded DB,Activated ester chelator; verify exact salt,Yes,NHS_DIEA,NHS/activated ester: reacts with N-terminal amine; DIEA/base only,DIEA,https://www.aatbio.com/resources/faq-frequently-asked-questions/What-is-the-difference-between-NHS-and-Sulfo-NHS,No DIC/HOBt required for activated ester.,
N3Ac,N-term modifier,Azidoacetic acid,101.06,83.05,Yes,YES,expanded DB / click handle,Azidoacetic acid; acid coupling like AA; verify CoA,Yes,ACID_DIC_HOBT,carboxylic acid modifier/label/linker: DIC/HOBt like AA; base=0,DIC/HOBt,https://www.peptide.com/resources/solid-phase-peptide-synthesis/,"AA-like acid coupling, default DIC/HOBt; verify exact reagent form.",
Azidoacetic acid,N-term modifier,Azidoacetic acid,101.06,83.05,Yes,YES,expanded DB / click handle,Alias of N3Ac; acid coupling,Yes,ACID_DIC_HOBT,carboxylic acid modifier/label/linker: DIC/HOBt like AA; base=0,DIC/HOBt,https://www.peptide.com/resources/solid-phase-peptide-synthesis/,"AA-like acid coupling, default DIC/HOBt; verify exact reagent form.",
Propiolic acid,N-term modifier,Propiolic acid,70.05,52.04,Yes,YES,expanded DB / click handle,Alkyne acid; acid coupling like AA; verify CoA,Yes,ACID_DIC_HOBT,carboxylic acid modifier/label/linker: DIC/HOBt like AA; base=0,DIC/HOBt,https://www.peptide.com/resources/solid-phase-peptide-synthesis/,"AA-like acid coupling, default DIC/HOBt; verify exact reagent form.",
DBCO acid,Label,DBCO-PEG acid / DBCO acid,305.33,287.32,Yes,YES,expanded DB / click handle,DBCO acid; acid coupling; MW varies by spacer,Yes,ACID_DIC_HOBT,carboxylic acid modifier/label/linker: DIC/HOBt like AA; base=0,DIC/HOBt,https://www.peptide.com/resources/solid-phase-peptide-synthesis/,"AA-like acid coupling, default DIC/HOBt; verify exact reagent form.",
PEG4 acid,Linker,Fmoc-NH-PEG4-COOH / PEG4 acid,515.56,161.2,Yes,YES,expanded DB / PEG linker,PEG acid linker; selected exact reagent controls MW,Yes,ACID_DIC_HOBT,carboxylic acid modifier/label/linker: DIC/HOBt like AA; base=0,DIC/HOBt,https://www.peptide.com/resources/solid-phase-peptide-synthesis/,"AA-like acid coupling, default DIC/HOBt; verify exact reagent form.",
PEG12 acid,Linker,Fmoc-NH-PEG12-COOH / PEG12 acid,867.98,513.62,Yes,YES,expanded DB / PEG linker,PEG acid linker; selected exact reagent controls MW,Yes,ACID_DIC_HOBT,carboxylic acid modifier/label/linker: DIC/HOBt like AA; base=0,DIC/HOBt,https://www.peptide.com/resources/solid-phase-peptide-synthesis/,"AA-like acid coupling, default DIC/HOBt; verify exact reagent form.",
