category,token
std_aa,A
std_aa,C
std_aa,D
std_aa,E
std_aa,F
std_aa,G
std_aa,H
std_aa,I
std_aa,K
std_aa,L
std_aa,M
std_aa,N
std_aa,P
std_aa,Q
std_aa,R
std_aa,S
std_aa,T
std_aa,V
std_aa,W
std_aa,Y
d_std_aa,dA
d_std_aa,dC
d_std_aa,dD
d_std_aa,dE
d_std_aa,dF
d_std_aa,dG
d_std_aa,dH
d_std_aa,dI
d_std_aa,dK
d_std_aa,dL
d_std_aa,dM
d_std_aa,dN
d_std_aa,dP
d_std_aa,dQ
d_std_aa,dR
d_std_aa,dS
d_std_aa,dT
d_std_aa,dV
d_std_aa,dW
d_std_aa,dY
non_natural_aa,Aib
non_natural_aa,Cha
non_natural_aa,Cit
non_natural_aa,Dab
non_natural_aa,Hyp
non_natural_aa,Nal
non_natural_aa,Nle
non_natural_aa,Orn
non_natural_aa,dCha
non_natural_aa,dCit
non_natural_aa,dDab
non_natural_aa,dHyp
non_natural_aa,dNal
non_natural_aa,dNle
non_natural_aa,dOrn
linker,AEEA
linker,Ahx
linker,PEG4
linker,PEG8
linker,bAla
linker,gAla
label,Biotin
label,Cy5
label,DOTA
label,FAM
label,FITC
label,NBD
label,TAMRA
chemical,Chol
chemical,Dde
chemical,Lau
chemical,Mal
chemical,Myr
chemical,Pal
chemical,Ste
n_terminal,Ac
n_terminal,Boc
n_terminal,Fmoc
c_terminal,NH2
c_terminal,OH
tag_expansion,FLAG
tag_expansion,HA
tag_expansion,His6
tag_expansion,His8
tag_expansion,Myc
tag_expansion,Strep
sidechain_acceptors,C
sidechain_acceptors,Dab
sidechain_acceptors,K
sidechain_acceptors,Orn
sidechain_acceptors,dC
sidechain_acceptors,dDab
sidechain_acceptors,dK
sidechain_acceptors,dOrn
