type,key,score,source,note
motif,RGD,0.82,sample_prior,integrin-like motif example; not a validated model
motif,KLVFF,0.62,sample_prior,amyloid-related sequence pattern example
motif,EEMQR,0.40,sample_prior,user-replaceable motif prior example
residue,W,0.35,sample_prior,aromatic interface enrichment placeholder
residue,F,0.32,sample_prior,aromatic interface enrichment placeholder
residue,Y,0.30,sample_prior,aromatic interface enrichment placeholder
residue,R,0.25,sample_prior,charged contact placeholder
pair,R-D,0.45,sample_prior,salt-bridge-like adjacent pair placeholder
pair,K-E,0.42,sample_prior,salt-bridge-like adjacent pair placeholder
composition,AROMATIC,0.30,sample_prior,composition-level weak prior
composition,POSITIVE,0.20,sample_prior,composition-level weak prior
