record_name,position,rule_score,esm_embedding_score,esm_unpredictability_score,esm_mutation_sensitivity,conservation_score,structure_score,is_hotspot
example,1,0.2,0.2,0.1,0.2,0.3,0.1,0
example,2,0.5,0.4,0.3,0.4,0.5,0.3,0
example,3,0.8,0.7,0.8,0.85,0.9,0.7,1
example,4,0.7,0.8,0.75,0.8,0.85,0.7,1
example,5,0.1,0.1,0.2,0.15,0.2,0.2,0
example,6,0.6,0.5,0.55,0.6,0.6,0.4,0
example,7,0.9,0.85,0.9,0.92,0.95,0.8,1
example,8,0.3,0.2,0.25,0.25,0.25,0.2,0
example,9,0.4,0.3,0.35,0.4,0.45,0.3,0
example,10,0.75,0.65,0.7,0.74,0.8,0.6,1
