token,class,model_token,charge,hydrophobicity,aromaticity,polarity,bulkiness,flexibility,is_terminal_only,is_sidechain_allowed,esm_policy,hotspot_penalty,hotspot_bonus,notes
A,natural_L_amino_acid,A,0.0,1.8,0,0.0,1.0,0.5,0,1,auto,0.0,0.0,Alanine
C,natural_L_amino_acid,C,0.0,2.5,0,0.5,1.4,0.3,0,1,auto,0.0,0.08,Cysteine
D,natural_L_amino_acid,D,-1.0,-3.5,0,1.0,1.3,0.4,0,1,auto,0.0,0.03,Aspartate
E,natural_L_amino_acid,E,-1.0,-3.5,0,1.0,1.6,0.5,0,1,auto,0.0,0.02,Glutamate
F,natural_L_amino_acid,F,0.0,2.8,1,0.0,2.0,0.2,0,1,auto,0.0,0.08,Phenylalanine
G,natural_L_amino_acid,G,0.0,-0.4,0,0.0,0.5,1.0,0,1,auto,0.0,0.0,Glycine
H,natural_L_amino_acid,H,0.3,-3.2,1,1.0,1.8,0.4,0,1,auto,0.0,0.04,Histidine
I,natural_L_amino_acid,I,0.0,4.5,0,0.0,1.8,0.2,0,1,auto,0.0,0.0,Isoleucine
K,natural_L_amino_acid,K,1.0,-3.9,0,1.0,1.8,0.6,0,1,auto,0.0,0.05,Lysine
L,natural_L_amino_acid,L,0.0,3.8,0,0.0,1.8,0.3,0,1,auto,0.0,0.0,Leucine
M,natural_L_amino_acid,M,0.0,1.9,0,0.2,1.9,0.4,0,1,auto,0.0,0.0,Methionine
N,natural_L_amino_acid,N,0.0,-3.5,0,1.0,1.4,0.5,0,1,auto,0.0,0.01,Asparagine
P,natural_L_amino_acid,P,0.0,-1.6,0,0.0,1.2,0.1,0,1,auto,0.0,0.04,Proline
Q,natural_L_amino_acid,Q,0.0,-3.5,0,1.0,1.6,0.5,0,1,auto,0.0,0.01,Glutamine
R,natural_L_amino_acid,R,1.0,-4.5,0,1.0,2.0,0.6,0,1,auto,0.0,0.07,Arginine
S,natural_L_amino_acid,S,0.0,-0.8,0,1.0,1.0,0.6,0,1,auto,0.0,0.0,Serine
T,natural_L_amino_acid,T,0.0,-0.7,0,1.0,1.2,0.5,0,1,auto,0.0,0.0,Threonine
V,natural_L_amino_acid,V,0.0,4.2,0,0.0,1.5,0.25,0,1,auto,0.0,0.0,Valine
W,natural_L_amino_acid,W,0.0,-0.9,1,0.2,2.5,0.2,0,1,auto,0.0,0.1,Tryptophan
Y,natural_L_amino_acid,Y,0.0,-1.3,1,1.0,2.1,0.3,0,1,auto,0.0,0.08,Tyrosine
